anon,A_link
ncsu0,https://github.ncsu.edu/ComparativeComprehension/Code-Review-cmfultz/pull/5
ncsu9,https://github.ncsu.edu/ComparativeComprehension/Code-Review-asanty/pull/8
ncsu10,https://github.ncsu.edu/ComparativeComprehension/Code-Review-fvsorian/pull/8
ncsu16,https://github.ncsu.edu/ComparativeComprehension/Code-Review-vmenon2/pull/1
ncsu17,https://github.ncsu.edu/ComparativeComprehension/Code-Review-npmuckle/pull/8
ncsu27,https://github.ncsu.edu/ComparativeComprehension/Code-Review-dkang8/pull/4
ncsu28,https://github.ncsu.edu/ComparativeComprehension/Code-Review-jnpruett/pull/1
ncsu32,https://github.ncsu.edu/ComparativeComprehension/Code-Review-krhollow/pull/3
ncsu37,https://github.ncsu.edu/ComparativeComprehension/Code-Review-ksfaldu/pull/2
ncsu39,https://github.ncsu.edu/ComparativeComprehension/Code-Review-mowens4/pull/2
ncsu47,https://github.ncsu.edu/ComparativeComprehension/Code-Review-ndlorenc/pull/1
ncsu51,https://github.ncsu.edu/ComparativeComprehension/Code-Review-msauhta2/pull/5
ncsu54,https://github.ncsu.edu/ComparativeComprehension/Code-Review-awchandl/pull/1
ncsu58,https://github.ncsu.edu/ComparativeComprehension/Code-Review-wmao/pull/5
ncsu62,https://github.ncsu.edu/ComparativeComprehension/Code-Review-spandey3/pull/1
ncsu76,https://github.ncsu.edu/ComparativeComprehension/Code-Review-kbradfo/pull/7
ncsu78,https://github.ncsu.edu/ComparativeComprehension/Code-Review-jjwoodri/pull/3
ncsu80,https://github.ncsu.edu/ComparativeComprehension/Code-Review-myburrow/pull/7
ncsu83,https://github.ncsu.edu/ComparativeComprehension/Code-Review-cbthomp3/pull/4
ncsu84,https://github.ncsu.edu/ComparativeComprehension/Code-Review-jrkuethe/pull/7
ncsu86,https://github.ncsu.edu/ComparativeComprehension/Code-Review-lapalame/pull/6
ncsu87,https://github.ncsu.edu/ComparativeComprehension/Code-Review-akclark4/pull/2
ncsu89,https://github.ncsu.edu/ComparativeComprehension/Code-Review-wlu27/pull/3
ncsu93,https://github.ncsu.edu/ComparativeComprehension/Code-Review-jokocak/pull/3
ncsu95,https://github.ncsu.edu/ComparativeComprehension/Code-Review-baspitz/pull/6
ncsu98,https://github.ncsu.edu/ComparativeComprehension/Code-Review-sbpatel6/pull/4
ncsu99,https://github.ncsu.edu/ComparativeComprehension/Code-Review-zslucas/pull/4
ncsu100,https://github.ncsu.edu/ComparativeComprehension/Code-Review-zahasnai/pull/7
ncsu105,https://github.ncsu.edu/ComparativeComprehension/Code-Review-jbtuttl2/pull/2
ncsu107,https://github.ncsu.edu/ComparativeComprehension/Code-Review-zebrentz/pull/1
ncsu108,https://github.ncsu.edu/ComparativeComprehension/Code-Review-asantho/pull/4
ncsu109,https://github.ncsu.edu/ComparativeComprehension/Code-Review-ctmatias/pull/5
ncsu110,https://github.ncsu.edu/ComparativeComprehension/Code-Review-mrtorre3/pull/6
ncsu114,https://github.ncsu.edu/ComparativeComprehension/Code-Review-srschere/pull/6
ncsu123,https://github.ncsu.edu/ComparativeComprehension/Code-Review-mlkirby2/pull/5
ncsu124,https://github.ncsu.edu/ComparativeComprehension/Code-Review-albressl/pull/5
