anon,B_link
ncsu2,https://github.ncsu.edu/ComparativeComprehension/Code-Review-nctucker/pull/1
ncsu10,https://github.ncsu.edu/ComparativeComprehension/Code-Review-fvsorian/pull/6
ncsu13,https://github.ncsu.edu/ComparativeComprehension/Code-Review-gmpresle/pull/1
ncsu19,https://github.ncsu.edu/ComparativeComprehension/Code-Review-ajhende4/pull/6
ncsu20,https://github.ncsu.edu/ComparativeComprehension/Code-Review-rsancha/pull/9
ncsu25,https://github.ncsu.edu/ComparativeComprehension/Code-Review-xdjones/pull/6
ncsu27,https://github.ncsu.edu/ComparativeComprehension/Code-Review-dkang8/pull/8
ncsu28,https://github.ncsu.edu/ComparativeComprehension/Code-Review-jnpruett/pull/2
ncsu30,https://github.ncsu.edu/ComparativeComprehension/Code-Review-hctasiss/pull/7
ncsu32,https://github.ncsu.edu/ComparativeComprehension/Code-Review-krhollow/pull/5
ncsu37,https://github.ncsu.edu/ComparativeComprehension/Code-Review-ksfaldu/pull/3
ncsu39,https://github.ncsu.edu/ComparativeComprehension/Code-Review-mowens4/pull/1
ncsu40,https://github.ncsu.edu/ComparativeComprehension/Code-Review-apandey9/pull/1
ncsu43,https://github.ncsu.edu/ComparativeComprehension/Code-Review-amelkoz/pull/4
ncsu51,https://github.ncsu.edu/ComparativeComprehension/Code-Review-msauhta2/pull/2
ncsu53,https://github.ncsu.edu/ComparativeComprehension/Code-Review-mthoma26/pull/2
ncsu55,https://github.ncsu.edu/ComparativeComprehension/Code-Review-iwnowell/pull/7
ncsu56,https://github.ncsu.edu/ComparativeComprehension/Code-Review-ctabell/pull/3
ncsu62,https://github.ncsu.edu/ComparativeComprehension/Code-Review-spandey3/pull/2
ncsu76,https://github.ncsu.edu/ComparativeComprehension/Code-Review-kbradfo/pull/4
ncsu79,https://github.ncsu.edu/ComparativeComprehension/Code-Review-sssapkal/pull/8
ncsu82,https://github.ncsu.edu/ComparativeComprehension/Code-Review-dlcoutts/pull/1
ncsu86,https://github.ncsu.edu/ComparativeComprehension/Code-Review-lapalame/pull/4
ncsu87,https://github.ncsu.edu/ComparativeComprehension/Code-Review-akclark4/pull/3
ncsu89,https://github.ncsu.edu/ComparativeComprehension/Code-Review-wlu27/pull/1
ncsu92,https://github.ncsu.edu/ComparativeComprehension/Code-Review-cecausey/pull/5
ncsu93,https://github.ncsu.edu/ComparativeComprehension/Code-Review-jokocak/pull/1
ncsu95,https://github.ncsu.edu/ComparativeComprehension/Code-Review-baspitz/pull/1
ncsu98,https://github.ncsu.edu/ComparativeComprehension/Code-Review-sbpatel6/pull/3
ncsu101,https://github.ncsu.edu/ComparativeComprehension/Code-Review-amjone34/pull/2
ncsu103,https://github.ncsu.edu/ComparativeComprehension/Code-Review-sshinde4/pull/2
ncsu105,https://github.ncsu.edu/ComparativeComprehension/Code-Review-jbtuttl2/pull/1
ncsu108,https://github.ncsu.edu/ComparativeComprehension/Code-Review-asantho/pull/5
ncsu109,https://github.ncsu.edu/ComparativeComprehension/Code-Review-ctmatias/pull/4
ncsu110,https://github.ncsu.edu/ComparativeComprehension/Code-Review-mrtorre3/pull/5
ncsu114,https://github.ncsu.edu/ComparativeComprehension/Code-Review-srschere/pull/8
ncsu116,https://github.ncsu.edu/ComparativeComprehension/Code-Review-jjfrankl/pull/2
ncsu123,https://github.ncsu.edu/ComparativeComprehension/Code-Review-mlkirby2/pull/3
