anon,C_link
ncsu2,https://github.ncsu.edu/ComparativeComprehension/Code-Review-nctucker/pull/5
ncsu10,https://github.ncsu.edu/ComparativeComprehension/Code-Review-fvsorian/pull/7
ncsu17,https://github.ncsu.edu/ComparativeComprehension/Code-Review-npmuckle/pull/7
ncsu19,https://github.ncsu.edu/ComparativeComprehension/Code-Review-ajhende4/pull/2
ncsu23,https://github.ncsu.edu/ComparativeComprehension/Code-Review-ajmyers5/pull/5
ncsu27,https://github.ncsu.edu/ComparativeComprehension/Code-Review-dkang8/pull/3
ncsu28,https://github.ncsu.edu/ComparativeComprehension/Code-Review-jnpruett/pull/5
ncsu29,https://github.ncsu.edu/ComparativeComprehension/Code-Review-salla/pull/3
ncsu31,https://github.ncsu.edu/ComparativeComprehension/Code-Review-eagodwin/pull/4
ncsu32,https://github.ncsu.edu/ComparativeComprehension/Code-Review-krhollow/pull/7
ncsu37,https://github.ncsu.edu/ComparativeComprehension/Code-Review-ksfaldu/pull/6
ncsu39,https://github.ncsu.edu/ComparativeComprehension/Code-Review-mowens4/pull/8
ncsu51,https://github.ncsu.edu/ComparativeComprehension/Code-Review-msauhta2/pull/3
ncsu54,https://github.ncsu.edu/ComparativeComprehension/Code-Review-awchandl/pull/6
ncsu62,https://github.ncsu.edu/ComparativeComprehension/Code-Review-spandey3/pull/7
ncsu68,https://github.ncsu.edu/ComparativeComprehension/Code-Review-asgoyal/pull/3
ncsu76,https://github.ncsu.edu/ComparativeComprehension/Code-Review-kbradfo/pull/6
ncsu78,https://github.ncsu.edu/ComparativeComprehension/Code-Review-jjwoodri/pull/2
ncsu84,https://github.ncsu.edu/ComparativeComprehension/Code-Review-jrkuethe/pull/2
ncsu86,https://github.ncsu.edu/ComparativeComprehension/Code-Review-lapalame/pull/7
ncsu87,https://github.ncsu.edu/ComparativeComprehension/Code-Review-akclark4/pull/4
ncsu92,https://github.ncsu.edu/ComparativeComprehension/Code-Review-cecausey/pull/8
ncsu93,https://github.ncsu.edu/ComparativeComprehension/Code-Review-jokocak/pull/8
ncsu95,https://github.ncsu.edu/ComparativeComprehension/Code-Review-baspitz/pull/2
ncsu99,https://github.ncsu.edu/ComparativeComprehension/Code-Review-zslucas/pull/7
ncsu100,https://github.ncsu.edu/ComparativeComprehension/Code-Review-zahasnai/pull/1
ncsu105,https://github.ncsu.edu/ComparativeComprehension/Code-Review-jbtuttl2/pull/4
ncsu107,https://github.ncsu.edu/ComparativeComprehension/Code-Review-zebrentz/pull/5
ncsu110,https://github.ncsu.edu/ComparativeComprehension/Code-Review-mrtorre3/pull/7
ncsu123,https://github.ncsu.edu/ComparativeComprehension/Code-Review-mlkirby2/pull/7
