anon,D_link
ncsu0,https://github.ncsu.edu/ComparativeComprehension/Code-Review-cmfultz/pull/7
ncsu10,https://github.ncsu.edu/ComparativeComprehension/Code-Review-fvsorian/pull/4
ncsu13,https://github.ncsu.edu/ComparativeComprehension/Code-Review-gmpresle/pull/5
ncsu16,https://github.ncsu.edu/ComparativeComprehension/Code-Review-vmenon2/pull/2
ncsu17,https://github.ncsu.edu/ComparativeComprehension/Code-Review-npmuckle/pull/4
ncsu21,https://github.ncsu.edu/ComparativeComprehension/Code-Review-rdbryan2/pull/1
ncsu23,https://github.ncsu.edu/ComparativeComprehension/Code-Review-ajmyers5/pull/1
ncsu27,https://github.ncsu.edu/ComparativeComprehension/Code-Review-dkang8/pull/2
ncsu28,https://github.ncsu.edu/ComparativeComprehension/Code-Review-jnpruett/pull/4
ncsu30,https://github.ncsu.edu/ComparativeComprehension/Code-Review-hctasiss/pull/5
ncsu37,https://github.ncsu.edu/ComparativeComprehension/Code-Review-ksfaldu/pull/4
ncsu39,https://github.ncsu.edu/ComparativeComprehension/Code-Review-mowens4/pull/5
ncsu43,https://github.ncsu.edu/ComparativeComprehension/Code-Review-amelkoz/pull/6
ncsu51,https://github.ncsu.edu/ComparativeComprehension/Code-Review-msauhta2/pull/1
ncsu55,https://github.ncsu.edu/ComparativeComprehension/Code-Review-iwnowell/pull/6
ncsu56,https://github.ncsu.edu/ComparativeComprehension/Code-Review-ctabell/pull/4
ncsu62,https://github.ncsu.edu/ComparativeComprehension/Code-Review-spandey3/pull/4
ncsu70,https://github.ncsu.edu/ComparativeComprehension/Code-Review-gsharma3/pull/1
ncsu76,https://github.ncsu.edu/ComparativeComprehension/Code-Review-kbradfo/pull/1
ncsu81,https://github.ncsu.edu/ComparativeComprehension/Code-Review-shbui/pull/7
ncsu82,https://github.ncsu.edu/ComparativeComprehension/Code-Review-dlcoutts/pull/4
ncsu84,https://github.ncsu.edu/ComparativeComprehension/Code-Review-jrkuethe/pull/4
ncsu87,https://github.ncsu.edu/ComparativeComprehension/Code-Review-akclark4/pull/7
ncsu89,https://github.ncsu.edu/ComparativeComprehension/Code-Review-wlu27/pull/2
ncsu93,https://github.ncsu.edu/ComparativeComprehension/Code-Review-jokocak/pull/7
ncsu95,https://github.ncsu.edu/ComparativeComprehension/Code-Review-baspitz/pull/4
ncsu98,https://github.ncsu.edu/ComparativeComprehension/Code-Review-sbpatel6/pull/1
ncsu101,https://github.ncsu.edu/ComparativeComprehension/Code-Review-amjone34/pull/6
ncsu105,https://github.ncsu.edu/ComparativeComprehension/Code-Review-jbtuttl2/pull/9
ncsu107,https://github.ncsu.edu/ComparativeComprehension/Code-Review-zebrentz/pull/7
ncsu109,https://github.ncsu.edu/ComparativeComprehension/Code-Review-ctmatias/pull/2
ncsu110,https://github.ncsu.edu/ComparativeComprehension/Code-Review-mrtorre3/pull/4
ncsu116,https://github.ncsu.edu/ComparativeComprehension/Code-Review-jjfrankl/pull/5
ncsu123,https://github.ncsu.edu/ComparativeComprehension/Code-Review-mlkirby2/pull/2
