anon,E_link
ncsu10,https://github.ncsu.edu/ComparativeComprehension/Code-Review-fvsorian/pull/2
ncsu17,https://github.ncsu.edu/ComparativeComprehension/Code-Review-npmuckle/pull/1
ncsu19,https://github.ncsu.edu/ComparativeComprehension/Code-Review-ajhende4/pull/3
ncsu21,https://github.ncsu.edu/ComparativeComprehension/Code-Review-rdbryan2/pull/2
ncsu23,https://github.ncsu.edu/ComparativeComprehension/Code-Review-ajmyers5/pull/2
ncsu27,https://github.ncsu.edu/ComparativeComprehension/Code-Review-dkang8/pull/7
ncsu28,https://github.ncsu.edu/ComparativeComprehension/Code-Review-jnpruett/pull/8
ncsu29,https://github.ncsu.edu/ComparativeComprehension/Code-Review-salla/pull/8
ncsu32,https://github.ncsu.edu/ComparativeComprehension/Code-Review-krhollow/pull/6
ncsu37,https://github.ncsu.edu/ComparativeComprehension/Code-Review-ksfaldu/pull/1
ncsu39,https://github.ncsu.edu/ComparativeComprehension/Code-Review-mowens4/pull/7
ncsu43,https://github.ncsu.edu/ComparativeComprehension/Code-Review-amelkoz/pull/1
ncsu51,https://github.ncsu.edu/ComparativeComprehension/Code-Review-msauhta2/pull/6
ncsu55,https://github.ncsu.edu/ComparativeComprehension/Code-Review-iwnowell/pull/3
ncsu56,https://github.ncsu.edu/ComparativeComprehension/Code-Review-ctabell/pull/2
ncsu62,https://github.ncsu.edu/ComparativeComprehension/Code-Review-spandey3/pull/8
ncsu76,https://github.ncsu.edu/ComparativeComprehension/Code-Review-kbradfo/pull/5
ncsu80,https://github.ncsu.edu/ComparativeComprehension/Code-Review-myburrow/pull/8
ncsu83,https://github.ncsu.edu/ComparativeComprehension/Code-Review-cbthomp3/pull/5
ncsu84,https://github.ncsu.edu/ComparativeComprehension/Code-Review-jrkuethe/pull/6
ncsu86,https://github.ncsu.edu/ComparativeComprehension/Code-Review-lapalame/pull/5
ncsu91,https://github.ncsu.edu/ComparativeComprehension/Code-Review-wtmorga3/pull/6
ncsu92,https://github.ncsu.edu/ComparativeComprehension/Code-Review-cecausey/pull/4
ncsu93,https://github.ncsu.edu/ComparativeComprehension/Code-Review-jokocak/pull/6
ncsu95,https://github.ncsu.edu/ComparativeComprehension/Code-Review-baspitz/pull/3
ncsu100,https://github.ncsu.edu/ComparativeComprehension/Code-Review-zahasnai/pull/4
ncsu101,https://github.ncsu.edu/ComparativeComprehension/Code-Review-amjone34/pull/7
ncsu105,https://github.ncsu.edu/ComparativeComprehension/Code-Review-jbtuttl2/pull/5
ncsu109,https://github.ncsu.edu/ComparativeComprehension/Code-Review-ctmatias/pull/7
ncsu110,https://github.ncsu.edu/ComparativeComprehension/Code-Review-mrtorre3/pull/3
ncsu123,https://github.ncsu.edu/ComparativeComprehension/Code-Review-mlkirby2/pull/8
