anon,F_link
ncsu0,https://github.ncsu.edu/ComparativeComprehension/Code-Review-cmfultz/pull/4
ncsu2,https://github.ncsu.edu/ComparativeComprehension/Code-Review-nctucker/pull/3
ncsu3,https://github.ncsu.edu/ComparativeComprehension/Code-Review-jpak/pull/7
ncsu10,https://github.ncsu.edu/ComparativeComprehension/Code-Review-fvsorian/pull/5
ncsu13,https://github.ncsu.edu/ComparativeComprehension/Code-Review-gmpresle/pull/6
ncsu16,https://github.ncsu.edu/ComparativeComprehension/Code-Review-vmenon2/pull/6
ncsu27,https://github.ncsu.edu/ComparativeComprehension/Code-Review-dkang8/pull/5
ncsu28,https://github.ncsu.edu/ComparativeComprehension/Code-Review-jnpruett/pull/6
ncsu30,https://github.ncsu.edu/ComparativeComprehension/Code-Review-hctasiss/pull/6
ncsu31,https://github.ncsu.edu/ComparativeComprehension/Code-Review-eagodwin/pull/3
ncsu36,https://github.ncsu.edu/ComparativeComprehension/Code-Review-mpham5/pull/5
ncsu37,https://github.ncsu.edu/ComparativeComprehension/Code-Review-ksfaldu/pull/8
ncsu39,https://github.ncsu.edu/ComparativeComprehension/Code-Review-mowens4/pull/6
ncsu43,https://github.ncsu.edu/ComparativeComprehension/Code-Review-amelkoz/pull/7
ncsu47,https://github.ncsu.edu/ComparativeComprehension/Code-Review-ndlorenc/pull/2
ncsu51,https://github.ncsu.edu/ComparativeComprehension/Code-Review-msauhta2/pull/8
ncsu54,https://github.ncsu.edu/ComparativeComprehension/Code-Review-awchandl/pull/4
ncsu62,https://github.ncsu.edu/ComparativeComprehension/Code-Review-spandey3/pull/3
ncsu68,https://github.ncsu.edu/ComparativeComprehension/Code-Review-asgoyal/pull/8
ncsu71,https://github.ncsu.edu/ComparativeComprehension/Code-Review-jtbui2/pull/6
ncsu76,https://github.ncsu.edu/ComparativeComprehension/Code-Review-kbradfo/pull/3
ncsu78,https://github.ncsu.edu/ComparativeComprehension/Code-Review-jjwoodri/pull/6
ncsu79,https://github.ncsu.edu/ComparativeComprehension/Code-Review-sssapkal/pull/3
ncsu82,https://github.ncsu.edu/ComparativeComprehension/Code-Review-dlcoutts/pull/8
ncsu86,https://github.ncsu.edu/ComparativeComprehension/Code-Review-lapalame/pull/8
ncsu87,https://github.ncsu.edu/ComparativeComprehension/Code-Review-akclark4/pull/1
ncsu89,https://github.ncsu.edu/ComparativeComprehension/Code-Review-wlu27/pull/4
ncsu93,https://github.ncsu.edu/ComparativeComprehension/Code-Review-jokocak/pull/4
ncsu95,https://github.ncsu.edu/ComparativeComprehension/Code-Review-baspitz/pull/8
ncsu101,https://github.ncsu.edu/ComparativeComprehension/Code-Review-amjone34/pull/8
ncsu103,https://github.ncsu.edu/ComparativeComprehension/Code-Review-sshinde4/pull/4
ncsu105,https://github.ncsu.edu/ComparativeComprehension/Code-Review-jbtuttl2/pull/6
ncsu107,https://github.ncsu.edu/ComparativeComprehension/Code-Review-zebrentz/pull/8
ncsu108,https://github.ncsu.edu/ComparativeComprehension/Code-Review-asantho/pull/2
ncsu110,https://github.ncsu.edu/ComparativeComprehension/Code-Review-mrtorre3/pull/8
ncsu117,https://github.ncsu.edu/ComparativeComprehension/Code-Review-cgsande2/pull/2
ncsu123,https://github.ncsu.edu/ComparativeComprehension/Code-Review-mlkirby2/pull/1
ncsu124,https://github.ncsu.edu/ComparativeComprehension/Code-Review-albressl/pull/8
