anon,G_link
ncsu0,https://github.ncsu.edu/ComparativeComprehension/Code-Review-cmfultz/pull/6
ncsu3,https://github.ncsu.edu/ComparativeComprehension/Code-Review-jpak/pull/8
ncsu10,https://github.ncsu.edu/ComparativeComprehension/Code-Review-fvsorian/pull/1
ncsu16,https://github.ncsu.edu/ComparativeComprehension/Code-Review-vmenon2/pull/5
ncsu17,https://github.ncsu.edu/ComparativeComprehension/Code-Review-npmuckle/pull/3
ncsu19,https://github.ncsu.edu/ComparativeComprehension/Code-Review-ajhende4/pull/4
ncsu27,https://github.ncsu.edu/ComparativeComprehension/Code-Review-dkang8/pull/1
ncsu28,https://github.ncsu.edu/ComparativeComprehension/Code-Review-jnpruett/pull/3
ncsu29,https://github.ncsu.edu/ComparativeComprehension/Code-Review-salla/pull/2
ncsu31,https://github.ncsu.edu/ComparativeComprehension/Code-Review-eagodwin/pull/5
ncsu32,https://github.ncsu.edu/ComparativeComprehension/Code-Review-krhollow/pull/2
ncsu37,https://github.ncsu.edu/ComparativeComprehension/Code-Review-ksfaldu/pull/5
ncsu39,https://github.ncsu.edu/ComparativeComprehension/Code-Review-mowens4/pull/4
ncsu47,https://github.ncsu.edu/ComparativeComprehension/Code-Review-ndlorenc/pull/7
ncsu51,https://github.ncsu.edu/ComparativeComprehension/Code-Review-msauhta2/pull/7
ncsu54,https://github.ncsu.edu/ComparativeComprehension/Code-Review-awchandl/pull/7
ncsu55,https://github.ncsu.edu/ComparativeComprehension/Code-Review-iwnowell/pull/1
ncsu62,https://github.ncsu.edu/ComparativeComprehension/Code-Review-spandey3/pull/5
ncsu76,https://github.ncsu.edu/ComparativeComprehension/Code-Review-kbradfo/pull/8
ncsu79,https://github.ncsu.edu/ComparativeComprehension/Code-Review-sssapkal/pull/1
ncsu86,https://github.ncsu.edu/ComparativeComprehension/Code-Review-lapalame/pull/2
ncsu87,https://github.ncsu.edu/ComparativeComprehension/Code-Review-akclark4/pull/6
ncsu91,https://github.ncsu.edu/ComparativeComprehension/Code-Review-wtmorga3/pull/5
ncsu93,https://github.ncsu.edu/ComparativeComprehension/Code-Review-jokocak/pull/2
ncsu95,https://github.ncsu.edu/ComparativeComprehension/Code-Review-baspitz/pull/7
ncsu98,https://github.ncsu.edu/ComparativeComprehension/Code-Review-sbpatel6/pull/7
ncsu105,https://github.ncsu.edu/ComparativeComprehension/Code-Review-jbtuttl2/pull/3
ncsu109,https://github.ncsu.edu/ComparativeComprehension/Code-Review-ctmatias/pull/6
ncsu110,https://github.ncsu.edu/ComparativeComprehension/Code-Review-mrtorre3/pull/2
ncsu117,https://github.ncsu.edu/ComparativeComprehension/Code-Review-cgsande2/pull/3
ncsu120,https://github.ncsu.edu/ComparativeComprehension/Code-Review-zbmarti2/pull/2
ncsu123,https://github.ncsu.edu/ComparativeComprehension/Code-Review-mlkirby2/pull/4
ncsu124,https://github.ncsu.edu/ComparativeComprehension/Code-Review-albressl/pull/2
