anon,H_link
ncsu2,https://github.ncsu.edu/ComparativeComprehension/Code-Review-nctucker/pull/6
ncsu10,https://github.ncsu.edu/ComparativeComprehension/Code-Review-fvsorian/pull/3
ncsu13,https://github.ncsu.edu/ComparativeComprehension/Code-Review-gmpresle/pull/8
ncsu17,https://github.ncsu.edu/ComparativeComprehension/Code-Review-npmuckle/pull/2
ncsu21,https://github.ncsu.edu/ComparativeComprehension/Code-Review-rdbryan2/pull/3
ncsu27,https://github.ncsu.edu/ComparativeComprehension/Code-Review-dkang8/pull/6
ncsu28,https://github.ncsu.edu/ComparativeComprehension/Code-Review-jnpruett/pull/7
ncsu30,https://github.ncsu.edu/ComparativeComprehension/Code-Review-hctasiss/pull/2
ncsu36,https://github.ncsu.edu/ComparativeComprehension/Code-Review-mpham5/pull/6
ncsu37,https://github.ncsu.edu/ComparativeComprehension/Code-Review-ksfaldu/pull/7
ncsu39,https://github.ncsu.edu/ComparativeComprehension/Code-Review-mowens4/pull/3
ncsu43,https://github.ncsu.edu/ComparativeComprehension/Code-Review-amelkoz/pull/5
ncsu51,https://github.ncsu.edu/ComparativeComprehension/Code-Review-msauhta2/pull/4
ncsu55,https://github.ncsu.edu/ComparativeComprehension/Code-Review-iwnowell/pull/5
ncsu62,https://github.ncsu.edu/ComparativeComprehension/Code-Review-spandey3/pull/6
ncsu76,https://github.ncsu.edu/ComparativeComprehension/Code-Review-kbradfo/pull/2
ncsu78,https://github.ncsu.edu/ComparativeComprehension/Code-Review-jjwoodri/pull/5
ncsu79,https://github.ncsu.edu/ComparativeComprehension/Code-Review-sssapkal/pull/7
ncsu80,https://github.ncsu.edu/ComparativeComprehension/Code-Review-myburrow/pull/2
ncsu82,https://github.ncsu.edu/ComparativeComprehension/Code-Review-dlcoutts/pull/7
ncsu84,https://github.ncsu.edu/ComparativeComprehension/Code-Review-jrkuethe/pull/5
ncsu86,https://github.ncsu.edu/ComparativeComprehension/Code-Review-lapalame/pull/3
ncsu89,https://github.ncsu.edu/ComparativeComprehension/Code-Review-wlu27/pull/5
ncsu92,https://github.ncsu.edu/ComparativeComprehension/Code-Review-cecausey/pull/3
ncsu93,https://github.ncsu.edu/ComparativeComprehension/Code-Review-jokocak/pull/5
ncsu95,https://github.ncsu.edu/ComparativeComprehension/Code-Review-baspitz/pull/5
ncsu98,https://github.ncsu.edu/ComparativeComprehension/Code-Review-sbpatel6/pull/2
ncsu100,https://github.ncsu.edu/ComparativeComprehension/Code-Review-zahasnai/pull/8
ncsu101,https://github.ncsu.edu/ComparativeComprehension/Code-Review-amjone34/pull/4
ncsu105,https://github.ncsu.edu/ComparativeComprehension/Code-Review-jbtuttl2/pull/7
ncsu107,https://github.ncsu.edu/ComparativeComprehension/Code-Review-zebrentz/pull/4
ncsu110,https://github.ncsu.edu/ComparativeComprehension/Code-Review-mrtorre3/pull/1
ncsu123,https://github.ncsu.edu/ComparativeComprehension/Code-Review-mlkirby2/pull/6
